stop_id,route_id,average_ons,average_offs,average_load,X,Y,Stop_ID,Stop_Name
74611,741,19.96573224000613,0.18374534137142085,19.96573224000613,-71.0552509999999,42.352596,74611.0,South Station
74612,741,0.8989590278474153,2.670831848170424,18.198704639347273,-71.047387,42.3525740000001,74612.0,Courthouse
74613,741,0.6773142799025255,1.5374347265465873,17.35140633038122,-71.042662,42.34822,74613.0,World Trade Center
74624,741,1.147391586164858,1.6542748681900925,16.896879863297073,-71.0388139999999,42.3470560000001,74624.0,Silver Line Way
12005,741,0.25450232333559164,0.2707104347437354,16.89340937557664,,,,
12006,741,1.377927031894451,1.0221828562332416,17.232344977798654,,,,
17091,741,0.0007331378299120183,4.053788551731091,13.293745142987355,-71.020862,42.3646120000001,17091.0,Terminal A
