stop_id,route_id,average_ons,average_offs,average_load,X,Y,Stop_ID,Stop_Name
74611,742,11.329067130433444,0.0,11.661742018512502,-71.0552509999999,42.352596,74611.0,South Station
74612,742,0.4826305585305018,3.7507943832600463,8.419015259141212,-71.047387,42.3525740000001,74612.0,Courthouse
74613,742,0.6146594811043168,2.310953109763553,6.771613052238439,-71.042662,42.34822,74613.0,World Trade Center
74624,742,0.596843847993018,1.9206591070529981,5.589520549469608,-71.0388139999999,42.3470560000001,74624.0,Silver Line Way
247,742,0.051701141120505015,0.7965601428624223,4.849997755895171,-71.0353009999999,42.346634,247.0,Northern Ave @ Harbor St
30249,742,0.09160288584043154,1.9907556325995686,2.9708492502119026,-71.031986,42.3450800000001,30249.0,Northern Ave @ Tide St
30250,742,0.0,2.6143359764668515,0.36012007148807046,-71.0310009999999,42.344659,30250.0,23 Drydock Ave
