stop_id,route_id,average_ons,average_offs,average_load,X,Y,Stop_ID,Stop_Name
74611,746,4.841226515136953,0.0,5.120370058772584,-71.0552509999999,42.352596,74611.0,South Station
74612,746,0.3279170073857411,2.052216647679587,3.422805408784262,-71.047387,42.3525740000001,74612.0,Courthouse
74613,746,0.20291210263273932,1.2038183047100197,2.4408368591933276,-71.042662,42.34822,74613.0,World Trade Center
74614,746,0.0,2.1871972186839845,0.24683187537602855,-71.038846,42.3471880000001,74614.0,Silver Line Way
